,dataset,method,exp,total_hr,total_ndcg,best_epoch,head_hr,head_ndcg,mid_hr,mid_ndcg,tail_hr,tail_ndcg,balance
0,Movielens,RNS,0,0.00971077934738975,0.004439755135985168,25,0.06741419453639802,0.030821678232419998,0.0,0.0,0.0,0.0,0.3333398222095012
1,Movielens,RNS,1,0.00964387437157112,0.0044451299181412895,175,0.06303492599367926,0.02933131153324044,0.0028907384170806386,0.0011280579178975746,0.0,0.0,0.35802955051121255
2,Movielens,RNS,2,0.010303366276069046,0.004667807190762753,50,0.01725166395616485,0.007950043197954513,0.009358153180718677,0.004054630866487491,0.009067899476766292,0.004133396727726591,0.8390827929439101
3,Movielens,RNS,3,0.010370271251887676,0.004646675575622439,175,0.014265799040674779,0.006603044079205394,0.006614401462811631,0.00278077246338773,0.010629834314869578,0.004771030355501591,0.8199820110976904
4,Movielens,RNS,4,0.009414485883050102,0.004310363526905607,175,0.06535726537239375,0.029923415508716803,0.0,0.0,0.0,0.0,0.3333400169953251
5,Movielens,RNS,5,0.010867279643683215,0.004942549340163922,175,0.020569291640042703,0.00933840733986252,0.006124445798899658,0.0025103302059018323,0.010152576447671351,0.004702350498685193,0.7249746419807387
6,Movielens,RNS,6,0.011106225985892608,0.005002767838468291,100,0.01698625374145462,0.007442230833448847,0.007839290622591562,0.003392569402581602,0.010788920270602319,0.004946347930559042,0.8289273418544405
7,Movielens,RNS,7,0.011163573108022863,0.005088380588543497,25,0.016853548634099505,0.007300233003191762,0.0063694236308556446,0.0030819542251586457,0.011338489935860882,0.005198528517220408,0.8195120332368901
8,Movielens,RNS,8,0.011956874964158048,0.00549831341764934,50,0.01579190777525859,0.007105595158161001,0.007300339392288392,0.0030278222393362317,0.012495478704826278,0.0058772160386889784,0.83020882011336
9,Movielens,RNS,9,0.011517213694492765,0.005400284431173373,200,0.019374945673846677,0.00884505414061666,0.004703574373554937,0.002080898940338633,0.011815747803059109,0.0056292578641737225,0.7276171774383005
10,Movielens,RNS,10,0.010733469692045954,0.0049330644452190995,25,0.01698625374145462,0.00794692575484061,0.00681038372837642,0.0027530295663250287,0.010528597797585105,0.004919649908880561,0.7783214809556085
11,Movielens,RNS,11,0.010083535641236404,0.004640483027983914,200,0.04943265248978005,0.024263687667880125,0.012983825093667275,0.005062197500191855,0.0006508061825430354,0.00023888052377831376,0.4582613729661732
12,Movielens,RNS,12,0.010265134861315544,0.004642941958633694,50,0.016455433312034164,0.007581881688125613,0.00431160984242536,0.001872628189417574,0.01067322139370578,0.00482009432858796,0.7333664069350516
13,Movielens,RNS,13,0.01034159769082255,0.004693332665784795,125,0.022228105481981633,0.010184180016729908,0.005340516736640502,0.002440422078471686,0.009226985432499035,0.004161539720518332,0.6924598227041994
14,Movielens,RNS,14,0.010542312618278439,0.004719775367983792,175,0.015327439899515693,0.006999313250775302,0.008672215251241917,0.003699953905558254,0.01005133993038688,0.004523947591346421,0.8555147787309383
15,Movielens,RNS,15,0.01080993252155296,0.004857832281660947,200,0.014332151594352336,0.006287362760259586,0.008476232985677127,0.0036319276174369424,0.01073107083215405,0.004908105071882929,0.8806092220308379
16,Movielens,RNS,16,0.009586527249440865,0.00441009443709337,125,0.0587883625583156,0.028156601079942483,0.00573248126777008,0.001815879763582093,0.0,0.0,0.3737295353199205
17,Movielens,RNS,17,0.009634316517882744,0.0043691582094747845,50,0.06681702155330001,0.030311605979217376,4.899556639119726e-05,1.4749135138296416e-05,0.0,0.0,0.3336641563905097
18,Movielens,RNS,18,0.010618775447785445,0.004754837474527571,100,0.014995677131127908,0.006902754433205127,0.010632037906889807,0.004462565339603397,0.009660856220861058,0.00437294233253544,0.892840185198761
19,Movielens,RNS,19,0.010131324909678283,0.0045725211558464264,125,0.020104823764299805,0.009015462624848473,0.01362076745675284,0.006014040842461064,0.006927470254180309,0.003178621817291425,0.7862952372751926
20,Movielens,AMNS,0,0.011383403742855505,0.005225479911859313,25,0.00597172983098014,0.002708510263923254,0.007692303923417971,0.003368170676497007,0.013652467473791674,0.0063223170955719376,0.8056983107076617
21,Movielens,AMNS,1,0.010599659740408694,0.004747075716513202,50,0.00782960133395174,0.0034315169175615085,0.009113175348762692,0.0039856539368597925,0.011642199487714298,0.005258570089559969,0.9039104201870449
22,Movielens,AMNS,2,0.010513639057213312,0.004677066588277834,175,0.01446485670170745,0.006071803401648898,0.013816749722317629,0.006133950684140838,0.008677415767240472,0.00394302588542619,0.9095541953424077
23,Movielens,AMNS,3,0.010886395351059966,0.0049817288113939455,100,0.007099723243498611,0.003242042909784794,0.008182259587329942,0.0037264351888604127,0.012509941064438345,0.0057314463912596985,0.8693249617514677
24,Movielens,AMNS,4,0.010265134861315544,0.00480077612003203,175,0.010616408588409138,0.004749699053296548,0.012591860562537697,0.005633795197791426,0.009501770265128317,0.0045660189228459965,0.9523839634862608
25,Movielens,AMNS,5,0.011249593791218244,0.005084638376332616,175,0.006568902814078154,0.0028198205398434466,0.009750117711848255,0.004265610024106745,0.01271241409900729,0.005820039478768934,0.8450192469985893
26,Movielens,AMNS,6,0.010733469692045954,0.004804176447174782,175,0.00802865899498441,0.0034318816177197242,0.010093086676586637,0.004267745079587856,0.011512038251205692,0.005261625141580014,0.9058886597014489
27,Movielens,AMNS,7,0.010637891155162197,0.004753120066784635,200,0.006303492599367926,0.002789278936515398,0.007790295056200365,0.0033591398364345476,0.012423166906765941,0.0055926322334665934,0.8408273292446392
28,Movielens,AMNS,8,0.01145986657236251,0.005153441847285137,175,0.007696896226596625,0.0031614275626105737,0.005144534471075712,0.0021353962186822536,0.014144187700601968,0.006478481124327104,0.7541196430839203
29,Movielens,AMNS,9,0.010599659740408694,0.004703093026812544,175,0.005440909401559683,0.0022214331146708415,0.011366971402757765,0.004962975688479394,0.011497575891593625,0.005167288093618528,0.8410051965110024
30,Movielens,AMNS,10,0.011345172328102001,0.005016841988313874,100,0.010218293266343796,0.0045059682078831065,0.01092601130523699,0.004552975694210115,0.011714511285774635,0.005265113686440354,0.964668783044766
31,Movielens,AMNS,11,0.011249593791218244,0.005082625539356395,150,0.01214251732299295,0.005410208159043137,0.013865745288708826,0.006234001556653675,0.010282737684179958,0.004671363042718,0.9361505801917235
32,Movielens,AMNS,12,0.01145986657236251,0.0050500577012694845,100,0.005839024723625025,0.002560870154255064,0.012934829527276077,0.005460926862356763,0.012249618591421131,0.005471325631156505,0.8562037444525957
33,Movielens,AMNS,13,0.011622350085064898,0.005342575717290365,25,0.0069006655824659395,0.002820526795959448,0.00930915761432748,0.003981392670771476,0.01333429556232619,0.006294074948079081,0.8231790845003426
34,Movielens,AMNS,14,0.011010647449008851,0.004855087610028233,175,0.008692184531759982,0.00371691032052541,0.014747665483750377,0.006359388741132308,0.010412898920688566,0.004659130367855556,0.8804502831820259
35,Movielens,AMNS,15,0.01087683749737159,0.004963831100052636,150,0.007763248780274182,0.003518852523494319,0.010289068942151425,0.004362459906468594,0.011728973645386703,0.00545629078350523,0.9031612776009873
36,Movielens,AMNS,16,0.011737044329325408,0.005332302423137052,175,0.006502550260400597,0.0028637524818494317,0.009358153180718677,0.00391368896479742,0.013580155675731337,0.006289093025270452,0.8252399716864545
37,Movielens,AMNS,17,0.011268709498594995,0.0050316636095926685,200,0.008095011548661967,0.003360682897219453,0.009064179782371494,0.0039804504960110985,0.012611177581722819,0.005706166169306053,0.8801576100469772
38,Movielens,AMNS,18,0.01092462676581347,0.004830629374170093,150,0.005308204294204569,0.002438448740484025,0.014306705386229602,0.006548274611301382,0.011150479260904005,0.004845023426132883,0.8019176801619675
39,Movielens,AMNS,19,0.011029763156385602,0.005014439519652525,100,0.007962306441306853,0.003562221406084231,0.010436055641325017,0.004811551640004224,0.011873597241507378,0.005390854056740388,0.9114351696406561
40,Movielens,ANS,0,0.006126584214248848,0.0028253162635899034,200,6.635255367755711e-05,2.2117517892519036e-05,0.0,0.0,0.00925591015172317,0.004270274978064563,0.3368148340330507
41,Movielens,ANS,1,0.004453959818783094,0.002178779033291822,175,0.00597172983098014,0.0031395470451967516,0.0,0.0,0.0054378472141373615,0.002612492068821157,0.6361425635766187
42,Movielens,ANS,2,0.001309425955307476,0.0005238438130740921,100,0.0,0.0,0.0,0.0,0.001981343266853241,0.0007926484179652293,0.3335855565492055
43,Movielens,ANS,3,0.0090608452965802,0.0044229419838580164,200,0.005175499186849454,0.002293275940917975,0.0017638403900831015,0.0007903907782165087,0.012061607916464255,0.005959372334713506,0.6189474171196705
44,Movielens,ANS,4,0.004893621088448378,0.00238955968255299,50,0.0,0.0,0.0,0.0,0.007404728121378535,0.0036157355584559053,0.3333886425239557
45,Movielens,ANS,5,0.0020549385430007837,0.0010608136780815938,150,0.0,0.0,4.899556639119726e-05,1.4162894889217981e-05,0.003094944956982435,0.00160097781541498,0.3393019398347318
46,Movielens,ANS,6,0.003976067134364307,0.0017617294290665688,175,0.0,0.0,0.0,0.0,0.00601634159862006,0.0026657412190050855,0.33340835092817556
47,Movielens,ANS,7,0.003698889377401411,0.0017858296581648016,150,0.0,0.0,0.0,0.0,0.005596933169870104,0.0027022082116287286,0.3334073386588823
48,Movielens,ANS,8,0.004425286257717967,0.0020218408272847307,125,0.0,0.0,0.0,0.0,0.00669607250038723,0.0030593258775360975,0.33339870080243095
49,Movielens,ANS,9,0.004731137575745991,0.002208751396516787,200,0.0,0.0,0.0,0.0,0.007158868007973389,0.0033421475188443153,0.3333931697253403
50,Movielens,ANS,10,0.004788484697876245,0.002354049617022233,175,0.0,0.0,0.0,0.0,0.007245642165645793,0.0035620038992049924,0.33338947677467323
51,Movielens,ANS,11,0.004033414256494562,0.0020263560501732228,125,0.012076164769315395,0.0064853179211632,0.0,0.0,0.0034709663068961884,0.0016526027961004505,0.4687358046699437
52,Movielens,ANS,12,0.005228145967541529,0.002439990539180075,150,0.0010616408588409137,0.0003588364005358904,0.00034296896473838084,0.00011185604622964302,0.007578276436723345,0.003580814293747397,0.42923269055380986
53,Movielens,ANS,13,0.006805191826123526,0.003259278731979303,150,0.0,0.0,0.0003919645311295781,0.00018949729591195282,0.010181501166895486,0.004875806004041805,0.3583119041205728
54,Movielens,ANS,15,0.003976067134364307,0.0016420274014524662,200,0.0,0.0,9.799113278239453e-05,2.8325789778435963e-05,0.005987416879395925,0.0024762543132429943,0.3409520053125914
55,Movielens,ANS,17,0.0067765182650583984,0.0031690473281154696,150,0.0,0.0,0.0,0.0,0.010253812964955823,0.004795208587740593,0.3333750390244693
56,Movielens,ANS,19,0.0017299715175960087,0.0007630832023678597,175,0.0,0.0,0.0,0.0,0.0026176870897842088,0.001154650829191285,0.33350650087860445
57,Movielens,MNS,0,0.008315332708886892,0.0037332117592969944,75,0.0025213970397471703,0.0009954332215659839,0.005683485701378882,0.0025066418340671166,0.010355049482240296,0.004691997941600217,0.6992599091041043
58,Movielens,MNS,1,0.009280675931412841,0.004233005005988364,50,0.0033176276838778555,0.0014087063511445924,0.0045075921079901484,0.001852395882419543,0.011989296118403917,0.0055512948189209,0.6866197001058326
59,Movielens,MNS,2,0.009051287442891824,0.004128060591120545,50,0.002587749593424727,0.0010996987187405812,0.004409600975207754,0.0018131086107592842,0.011830210162671176,0.0054714480790843635,0.6523966469851681
60,Movielens,MNS,3,0.00881234110068243,0.003928226046463275,25,0.001990576610326713,0.0007332632652714048,0.005830472400552475,0.002436940399271496,0.011179403980128141,0.005064799071042062,0.6493522302826038
61,Movielens,MNS,4,0.009787242176896756,0.004430026092313635,75,0.0028531598081349557,0.0011177831981884498,0.006418419197246842,0.002796225726069439,0.012293005670257333,0.005634228603703184,0.6846675635028447
62,Movielens,MNS,5,0.009538737980998987,0.004314660920623787,50,0.0045119736500738835,0.0018314115741984163,0.00627143249807325,0.0026049380936452367,0.011598812408878096,0.005360584643658955,0.7598524265623919
63,Movielens,MNS,6,0.00802859709823562,0.003557555498121249,75,0.003782095559620755,0.001552077708464542,0.004164623143251767,0.0016976112688292984,0.010094727009223082,0.004543685219055858,0.744099514963688
64,Movielens,MNS,7,0.00872632041748705,0.003962679145907655,25,0.0028531598081349557,0.0011286129858038777,0.004899556639119726,0.0021721266034115806,0.011136016901291937,0.005108926949719989,0.6844764327746502
65,Movielens,MNS,8,0.009003498174449946,0.0041361836331820865,75,0.003649390452265641,0.0014658589676075514,0.0038216541785133866,0.001601500986769359,0.011700048926162568,0.005466391898575681,0.6874846790325015
66,Movielens,MNS,9,0.009070403150268577,0.003989584108041143,200,0.004180210881686098,0.0017729425616170118,0.0039686408776869785,0.0016891008853692558,0.011642199487714298,0.005151776329932737,0.7320155330831362
67,Movielens,MNS,11,0.008754993978552176,0.003985668715628406,50,0.002455044486069613,0.0010103430490691532,0.002988729549863033,0.0011234108812742084,0.011830210162671176,0.005479048416139806,0.6086829290090088
68,Movielens,MNS,13,0.00867853114904517,0.004023072536220298,50,0.003583037898588084,0.001384159512576069,0.005634490134987686,0.0024186019995094906,0.010687683753317847,0.005071857163994166,0.7229873094418748
69,Movielens,MNS,15,0.008802783246994055,0.003917490434666149,200,0.00391480066697587,0.0016132627932701222,0.006614401462811631,0.002659386175025355,0.010514135437973037,0.004791086964934276,0.7662686397778646
70,Movielens,MNS,16,0.008458700514212528,0.003756502281368283,125,0.004578326203751441,0.0018194110806243984,0.004605583240772542,0.001890992132445218,0.0104418236399127,0.004729369144166876,0.7701474631673833
71,Movielens,MNS,17,0.008668973295356795,0.003930129001334319,150,0.00437926854271877,0.0016526430099438167,0.00431160984242536,0.0018983854782825232,0.010890156787886792,0.005026257295627122,0.73779612968847
72,Movielens,MNS,18,0.009022613881826697,0.00410119382441011,100,0.0028531598081349557,0.0012515604355309738,0.003527680780166203,0.0014892267761946756,0.011989296118403917,0.005493297229096357,0.6565833731268809
73,Movielens,MNS,19,0.008735878271175425,0.00403243665714009,25,0.0029195123618125127,0.001141019473473753,0.0037726586121221892,0.0015703574907976344,0.01146865117236949,0.005389403945480201,0.6503853811333167
74,Movielens,PNS,0,0.006556687630225756,0.002921182522274933,125,0.0025213970397471703,0.0009886244798430913,0.0031847118154278223,0.0013045207442434635,0.008431555653835325,0.0038196073978203357,0.6912635859611762
75,Movielens,PNS,1,0.008449142660524152,0.003864113523816133,50,0.00391480066697587,0.0017661571739067028,0.004605583240772542,0.002025917235048761,0.010571984876421307,0.004863980467813224,0.76142203517863
76,Movielens,PNS,2,0.008420469099459026,0.0038741886968536713,25,0.00942206262221311,0.0044771718119019,0.010877015738845792,0.004887594031970625,0.007477039919438873,0.0034436255397122767,0.9248443394663048
77,Movielens,PNS,3,0.008047712805612372,0.003714676150695071,50,0.0045119736500738835,0.0020952620532054796,0.004213618709642965,0.0018721833019859722,0.009950103413102407,0.004611507203061747,0.7871357764967875
78,Movielens,PNS,4,0.00879322539330568,0.004081624909679344,25,0.00849312687072731,0.004073191289084102,0.0074473260914619845,0.003354767018499319,0.00925591015172317,0.004298013012872102,0.9463742015061305
79,Movielens,PNS,5,0.008821898954370806,0.004090239692954278,25,0.008095011548661967,0.0038356541316650304,0.00842723741928593,0.003841832265081268,0.009096824195990427,0.004219052125258772,0.9785154129878237
80,Movielens,PNS,6,0.007923460707663487,0.0035662192734897615,50,0.003782095559620755,0.0017150117624618823,0.005291521170249305,0.0023376072071678504,0.009603006782412788,0.004332369202225764,0.7919087663916892
81,Movielens,PNS,7,0.00829621700151014,0.0037906622818471864,50,0.004445621096396326,0.00198835892211981,0.004703574373554937,0.001981056185650736,0.010195963526507553,0.004717648867821323,0.789994395702436
82,Movielens,PNS,8,0.008602068319538164,0.003934411422680804,75,0.00391480066697587,0.0016319279721567642,0.004458596541598951,0.0018935944767070833,0.010846769709050588,0.005038666485350307,0.7348167501597587
83,Movielens,PNS,9,0.00892703534494294,0.004103130312025833,50,0.004777383864784112,0.002193377562377631,0.005928463533334869,0.00250174071957534,0.010716608472541982,0.0049920759827167165,0.8074012850054222
84,Movielens,BNS,0,0.006470666947030375,0.0031201414339143713,125,0.00013270510735511422,4.304941806282805e-05,0.00053895123030317,0.00019786249119193772,0.009603006782412788,0.004653419589219143,0.37205076315499597
85,Movielens,BNS,1,0.00569648079827194,0.0024964897200346597,125,0.00033176276838778557,0.00011537999325200708,0.0013718758589535234,0.000543180375020997,0.008142308461593976,0.00359205275305135,0.4547567137424503
86,Movielens,BNS,2,0.005199472406476401,0.0023319064038117955,100,6.635255367755711e-05,2.2117517892519036e-05,0.0002939733983471836,0.00010134182034966956,0.007766287111680222,0.0034937635919804573,0.36021671162809177
87,Movielens,BNS,3,0.004817158258941372,0.0021596042156819466,175,0.0,0.0,0.0006369423630855645,0.0002427564617325968,0.007101018569525119,0.003196124909930773,0.38044851094221144
88,Movielens,BNS,4,0.00466423259992736,0.002309423424982681,25,0.00033176276838778557,0.00012102067807258238,0.00107790246060634,0.00040672106531086205,0.006667147781163095,0.0033480456565498215,0.44496865945578723
89,Movielens,BNS,5,0.007923460707663487,0.0036214576821157634,150,0.0006635255367755711,0.00022672014648840368,0.0016168536909095096,0.0006951849454490277,0.011367414655085017,0.00522514926479368,0.4579316750755613
90,Movielens,BNS,6,0.0064802248007187506,0.002901080983250015,75,0.0004644678757428998,0.00015387735614659623,0.002008818222039088,0.0008321302830078482,0.009111286555602494,0.0041105731907879455,0.4824683348297849
91,Movielens,BNS,7,0.006948559631449162,0.0031979450497444306,125,0.00026541021471022843,8.372145502362617e-05,0.002400782753168666,0.0010589953372057911,0.009747630378533462,0.004508095760870696,0.47805271212539946
92,Movielens,BNS,8,0.004673790453615736,0.0021370875302521536,175,0.0,0.0,0.0006369423630855645,0.00027133624032514824,0.006884083175344107,0.0031536179481608737,0.3862026437314253
93,Movielens,BNS,9,0.004387054842964464,0.001967704328415108,100,0.00013270510735511422,6.10439897451694e-05,0.0002939733983471836,0.00010640044168016236,0.006522524185042421,0.002932697593162155,0.38252812972174866
94,Movielens,BNS,10,0.005218588113853153,0.002418450999271116,100,0.00019905766103267132,6.008619852070948e-05,0.0005879467966943672,0.00023468941832628307,0.007679512954007817,0.003577080705838911,0.39448131493502403
95,Movielens,BNS,11,0.0064611090933419995,0.0030368454078391447,175,0.0,0.0,0.0003919645311295781,0.00014768917021282948,0.009660856220861058,0.004551574295811699,0.3543266548453867
96,Movielens,BNS,12,0.006078794945806969,0.002716543733555557,200,6.635255367755711e-05,1.918018940455138e-05,0.0006859379294767617,0.00031498046437900104,0.008981125319093888,0.004013352307171348,0.38755842632666726
97,Movielens,BNS,13,0.006069237092118594,0.0027155235776851632,100,0.00033176276838778557,0.00012253841668298003,0.0009799113278239453,0.0003670822572818431,0.008822039363361145,0.003973901219968439,0.42480339422146907
98,Movielens,BNS,14,0.0060214478236767155,0.0026824276121168705,175,0.0005308204294204569,0.00018796369197652537,0.000734933495867959,0.00034836252808367153,0.008778652284524943,0.003915087813019503,0.441844333314083
99,Movielens,BNS,15,0.006680939728174641,0.0030765779921929468,100,0.00033176276838778557,0.0001709207658610341,0.0018128359564742987,0.0007552567881207663,0.009501770265128317,0.004395100989088982,0.47081112755810084
100,Movielens,BNS,16,0.006556687630225756,0.0029316611887427674,100,0.00026541021471022843,8.338933413543854e-05,0.0012248891597799315,0.0004610054227483833,0.009501770265128317,0.004281756510793819,0.42008915124665747
101,Movielens,BNS,17,0.004731137575745991,0.0021470881318742543,175,0.0,0.0,0.0002449778319559863,0.0001092383673243454,0.007086556209913051,0.003216597795213309,0.35528841113162646
102,Movielens,BNS,18,0.0055053237245044255,0.0025300002336265505,150,0.0,0.0,0.0008819201950415507,0.00038302255257139197,0.008069996663533639,0.0037151821991956296,0.3956849429711533
103,Movielens,BNS,19,0.005123009576969395,0.0023212467880117655,100,0.0004644678757428998,0.00021690181301002421,0.0013718758589535234,0.0005003779874473582,0.007245642165645793,0.0033173922069292673,0.487730375288303
104,RetailRocket,RNS,0,0.045146726862302484,0.032972636576402044,150,0.14581814394333922,0.10061955393176665,0.0483831949036368,0.03988706257847904,0.0,0.0,0.5225878961176524
105,RetailRocket,RNS,1,0.033860045146726865,0.029466183913998214,100,0.10415581710238517,0.09026837482206715,0.0322554632690912,0.0322554632690912,0.004484103851845209,0.0017346881630175403,0.5250039007131198
106,RetailRocket,RNS,2,0.033860045146726865,0.026700186422969906,175,0.09374023539214664,0.07877189358199038,0.040319329086364,0.03170679581675219,0.004484103851845209,0.001494701283948403,0.5399086349249147
107,RetailRocket,RNS,3,0.029345372460496615,0.014941373216788229,150,0.08332465368190813,0.03602197597472722,0.0322554632690912,0.01742245320299673,0.004484103851845209,0.004484103851845209,0.6370503774659292
108,RetailRocket,RNS,4,0.040632054176072234,0.029038192998805595,200,0.1354025622331007,0.09095916826267493,0.040319329086364,0.03331126323338003,0.0,0.0,0.5120375910044839
109,RetailRocket,RNS,5,0.02708803611738149,0.023034722737116202,100,0.08332465368190813,0.07055208430860413,0.0241915974518184,0.0241915974518184,0.004484103851845209,0.0019311984129563387,0.5267941866596855
110,RetailRocket,RNS,6,0.03837471783295711,0.027375543051198836,175,0.1249869805228622,0.08744567251269357,0.0322554632690912,0.02661906294382696,0.004484103851845209,0.0019311984129563387,0.5085215485187723
111,RetailRocket,RNS,7,0.040632054176072234,0.029888236553272173,200,0.10415581710238517,0.08188056573426503,0.040319329086364,0.03169644833540354,0.013452311555535626,0.0064950411142074005,0.5814439024169273
112,RetailRocket,RNS,8,0.022573363431151242,0.010068239678308923,50,0.04166232684095406,0.015542994164339585,0.0241915974518184,0.015009701767170277,0.013452311555535626,0.004962083277098886,0.8013818144664606
113,RetailRocket,RNS,9,0.020316027088036117,0.014693568774008493,50,0.052077908551192584,0.04687011769607332,0.0241915974518184,0.01387135021827171,0.004484103851845209,0.0012961967011250073,0.5102577238800017
114,RetailRocket,RNS,10,0.03160270880361174,0.02316288403282252,175,0.09374023539214664,0.075121491242746,0.040319329086364,0.024584656498059274,0.0,0.0,0.497715591151937
115,RetailRocket,RNS,11,0.033860045146726865,0.026291042071276596,150,0.11457139881262368,0.0855770761327168,0.0241915974518184,0.0241915974518184,0.004484103851845209,0.0019311984129563387,0.5007714179608191
116,RetailRocket,RNS,12,0.03611738148984198,0.022166185766552535,125,0.1354025622331007,0.07103031241102771,0.0241915974518184,0.0241915974518184,0.0,0.0,0.5027048660647787
117,RetailRocket,RNS,13,0.040632054176072234,0.02792350556216139,175,0.1249869805228622,0.086688277611857,0.0322554632690912,0.026735463888281016,0.008968207703690417,0.0032810481760341434,0.5235441763665014
118,RetailRocket,RNS,14,0.04740406320541761,0.023448240794981846,100,0.17706488907405477,0.08435064936838943,0.0322554632690912,0.018458711606466314,0.0,0.0,0.45303033088158806
119,RetailRocket,RNS,15,0.040632054176072234,0.02209229329679338,75,0.1354025622331007,0.07387965562046701,0.0322554632690912,0.016633904046342803,0.004484103851845209,0.002829154538233521,0.49254905549289896
120,RetailRocket,RNS,16,0.040632054176072234,0.024878457519735626,100,0.10415581710238517,0.058348713585334465,0.0483831949036368,0.032762595781041015,0.008968207703690417,0.006081373871611238,0.6414875644143883
121,RetailRocket,RNS,17,0.03611738148984198,0.02412305579231348,100,0.11457139881262368,0.08198155233006085,0.0241915974518184,0.0161277316345456,0.008968207703690417,0.003656629195039365,0.48689634995621967
122,RetailRocket,RNS,18,0.04288939051918736,0.03321086766188724,150,0.16664930736381625,0.12199160893881934,0.0241915974518184,0.0241915974518184,0.0,0.0,0.44365994974002876
123,RetailRocket,RNS,19,0.033860045146726865,0.025218862021702107,125,0.1354025622331007,0.1022367325123009,0.0080638658172728,0.0080638658172728,0.004484103851845209,0.0015972700197660293,0.40041042686630235
124,RetailRocket,AMNS,0,0.03611738148984198,0.020642398785993263,50,0.1354025622331007,0.07513702847746717,0.0161277316345456,0.0120957987259092,0.004484103851845209,0.0019311984129563387,0.45265232061897387
125,RetailRocket,AMNS,1,0.04288939051918736,0.018097122729109155,75,0.17706488907405477,0.06905710407000117,0.0161277316345456,0.011183394945847445,0.0,0.0,0.42625110985114123
126,RetailRocket,AMNS,2,0.05417607223476298,0.03298688614691243,100,0.22914279762524736,0.13137371693659208,0.0080638658172728,0.0080638658172728,0.004484103851845209,0.004484103851845209,0.41222965729632977
127,RetailRocket,AMNS,3,0.013544018058690745,0.00865758899799985,100,0.04166232684095406,0.02888975746765007,0.0080638658172728,0.005087732872925228,0.004484103851845209,0.0019311984129563387,0.49950212114058556
128,RetailRocket,AMNS,4,0.03611738148984198,0.02135047936685572,50,0.15623372565357774,0.09330551358730428,0.0080638658172728,0.0040319329086364,0.0,0.0,0.3609501147896039
129,RetailRocket,AMNS,5,0.01580135440180587,0.00890038021143123,75,0.03124674513071555,0.02430302399055654,0.0322554632690912,0.012979075077257485,0.0,0.0,0.5654245327873335
130,RetailRocket,AMNS,6,0.02708803611738149,0.014770219420268727,100,0.09374023539214664,0.05290015744478967,0.0080638658172728,0.005087732872925228,0.008968207703690417,0.003736753209871007,0.4690055437858579
131,RetailRocket,AMNS,7,0.04288939051918736,0.02392597680916842,25,0.14581814394333922,0.09197459710933217,0.0322554632690912,0.011574819165077781,0.004484103851845209,0.001494701283948403,0.4257673853373066
132,RetailRocket,AMNS,8,0.04740406320541761,0.02492985683102612,150,0.16664930736381625,0.09062954146365458,0.0322554632690912,0.016559305490695977,0.004484103851845209,0.0012961967011250073,0.45102664407687687
133,RetailRocket,AMNS,9,0.040632054176072234,0.024831340432777165,25,0.1354025622331007,0.07555611266390123,0.040319329086364,0.03020838186322975,0.0,0.0,0.5237475570095023
134,RetailRocket,AMNS,10,0.033860045146726865,0.013552437553788222,150,0.1354025622331007,0.05193154125114241,0.0161277316345456,0.008207262001499871,0.0,0.0,0.4243175300549482
135,RetailRocket,AMNS,11,0.04740406320541761,0.024740100016755237,50,0.18748047078429328,0.08929290178302285,0.0161277316345456,0.0161277316345456,0.004484103851845209,0.0017346881630175403,0.4552582351506559
136,RetailRocket,AMNS,12,0.04966139954853273,0.030316570917919977,50,0.18748047078429328,0.12213163987184741,0.0241915974518184,0.01027099116578569,0.004484103851845209,0.0019311984129563387,0.40347528980909253
137,RetailRocket,AMNS,13,0.04288939051918736,0.0335273775642248,25,0.15623372565357774,0.12016626793215142,0.0241915974518184,0.0241915974518184,0.004484103851845209,0.0014145772691167605,0.45690948572078516
138,RetailRocket,AMNS,14,0.060948081264108354,0.025873478561754037,125,0.23955837933548588,0.0986187370271508,0.0322554632690912,0.016075849212807754,0.0,0.0,0.4267763207226408
139,RetailRocket,AMNS,15,0.056433408577878104,0.03105875905145427,100,0.22914279762524736,0.12483412816711965,0.0241915974518184,0.014302924074422088,0.0,0.0,0.4018662079544332
140,RetailRocket,AMNS,16,0.02708803611738149,0.016993596078379355,125,0.11457139881262368,0.06799461579754247,0.0080638658172728,0.0080638658172728,0.0,0.0,0.4040169602690735
141,RetailRocket,AMNS,17,0.060948081264108354,0.03705826027176571,200,0.20831163420477034,0.12290713913074154,0.0483831949036368,0.034799329705553814,0.004484103851845209,0.0013498497630778047,0.49050725694167885
142,RetailRocket,AMNS,18,0.03837471783295711,0.02302353822563589,75,0.1249869805228622,0.08161261324347198,0.0322554632690912,0.016730389566430647,0.004484103851845209,0.0012961967011250073,0.46261996539864236
143,RetailRocket,AMNS,19,0.06320541760722348,0.035825639137128634,100,0.22914279762524736,0.13857343047094292,0.040319329086364,0.018267019454630853,0.004484103851845209,0.0013498497630778047,0.4216951745639056
144,RetailRocket,ANS,0,0.011286681715575621,0.006951216416367608,100,0.02083116342047703,0.013143000803488335,0.0241915974518184,0.014656312920796184,0.0,0.0,0.6485247824866219
145,RetailRocket,ANS,1,0.024830699774266364,0.015366865279798391,25,0.04166232684095406,0.020563210929683984,0.040319329086364,0.030767396796917416,0.008968207703690417,0.004563842701251062,0.6874655324505623
146,RetailRocket,ANS,2,0.011286681715575621,0.007685407151333049,25,0.0,0.0,0.0322554632690912,0.024334993636045476,0.004484103851845209,0.0017346881630175403,0.3777007895233717
147,RetailRocket,ANS,3,0.03160270880361174,0.01767503863687662,50,0.02083116342047703,0.013143000803488335,0.040319329086364,0.0322554632690912,0.03138872696291646,0.01151599752922931,0.757069868973995
148,RetailRocket,ANS,4,0.011286681715575621,0.005704633385353696,100,0.0,0.0,0.0322554632690912,0.017690664110784238,0.004484103851845209,0.001494701283948403,0.3852818846150574
149,RetailRocket,ANS,5,0.02708803611738149,0.012527287613624089,25,0.0624934902614311,0.019714501205232503,0.0241915974518184,0.018239331563123257,0.013452311555535626,0.0062550542351382625,0.7970339367240495
150,RetailRocket,ANS,6,0.033860045146726865,0.015413504707394284,25,0.0624934902614311,0.019714501205232503,0.0241915974518184,0.0241915974518184,0.026904623111071252,0.00867850466194922,0.8033264072546851
151,RetailRocket,ANS,7,0.009029345372460496,0.004514672686230248,125,0.0,0.0,0.0241915974518184,0.013439776362121333,0.004484103851845209,0.001494701283948403,0.4000680076787899
152,RetailRocket,ANS,8,0.02708803611738149,0.013616935819484411,25,0.0624934902614311,0.018812415102425657,0.040319329086364,0.031390930253321285,0.004484103851845209,0.001494701283948403,0.6144785934486374
153,RetailRocket,ANS,9,0.002257336343115124,0.001128668171557562,150,0.0,0.0,0.0080638658172728,0.0040319329086364,0.0,0.0,0.3333829336427727
154,RetailRocket,ANS,10,0.020316027088036117,0.011532770971970693,50,0.0,0.0,0.0322554632690912,0.024688382482419568,0.022420519259226043,0.009180804577992766,0.514048688555899
155,RetailRocket,ANS,11,0.02708803611738149,0.013642555212992418,25,0.0624934902614311,0.019714501205232503,0.0483831949036368,0.03347199982776605,0.0,0.0,0.5804472892062187
156,RetailRocket,ANS,12,0.004514672686230248,0.004514672686230248,50,0.0,0.0,0.0161277316345456,0.0161277316345456,0.0,0.0,0.33334573410266033
157,RetailRocket,ANS,13,0.02708803611738149,0.016604042075503877,50,0.02083116342047703,0.0065715004017441675,0.0483831949036368,0.040462725270591075,0.017936415407380835,0.007653819672080896,0.5868562164338449
158,RetailRocket,ANS,14,0.013544018058690745,0.010749118526281977,150,0.0,0.0,0.0322554632690912,0.02927933032474363,0.008968207703690417,0.005071206464156126,0.43175900867321226
159,RetailRocket,ANS,15,0.013544018058690745,0.00888112153441038,50,0.02083116342047703,0.02083116342047703,0.0241915974518184,0.01272582576111423,0.004484103851845209,0.0015972700197660293,0.6352508496258167
160,RetailRocket,ANS,16,0.029345372460496615,0.017850768457014665,25,0.052077908551192584,0.03291905449123659,0.040319329086364,0.029394984383726393,0.013452311555535626,0.004941751452078215,0.7226788641929157
161,RetailRocket,ANS,17,0.013544018058690745,0.005157519800139929,100,0.0,0.0,0.040319329086364,0.01599670410287886,0.004484103851845209,0.0013498497630778047,0.3852216958575788
162,RetailRocket,ANS,18,0.03160270880361174,0.017047803222912383,25,0.02083116342047703,0.010415581710238516,0.0483831949036368,0.03457920277673946,0.026904623111071252,0.010152055474672555,0.7047033648640877
163,RetailRocket,ANS,19,0.011286681715575621,0.009029345372460496,25,0.02083116342047703,0.010415581710238516,0.0241915974518184,0.0241915974518184,0.0,0.0,0.5339813235450044
164,RetailRocket,MNS,0,0.04288939051918736,0.031997787231553054,175,0.15623372565357774,0.11236503422917885,0.0322554632690912,0.027311126580393044,0.0,0.0,0.4636889968054012
165,RetailRocket,MNS,1,0.04288939051918736,0.028671132232624866,125,0.14581814394333922,0.09432392006693997,0.0322554632690912,0.027064004411805676,0.004484103851845209,0.0012961967011250073,0.49448771370123823
166,RetailRocket,MNS,2,0.03160270880361174,0.027381293005817396,125,0.08332465368190813,0.08332465368190813,0.0322554632690912,0.027311126580393044,0.008968207703690417,0.0033319581827835694,0.5320752695785034
167,RetailRocket,MNS,3,0.033860045146726865,0.029403768394017253,175,0.10415581710238517,0.09646765448539647,0.0322554632690912,0.02687955272424267,0.004484103851845209,0.0019311984129563387,0.4969272412651249
168,RetailRocket,MNS,4,0.033860045146726865,0.02558194736211091,200,0.09374023539214664,0.07392295828288782,0.0322554632690912,0.026522577423739115,0.008968207703690417,0.004243731807350282,0.5562803557846736
169,RetailRocket,MNS,5,0.03611738148984198,0.02678616843709315,175,0.10415581710238517,0.07803648442577069,0.0322554632690912,0.02927933032474363,0.008968207703690417,0.0033319581827835694,0.5498971091403683
170,RetailRocket,MNS,6,0.029345372460496615,0.024648073792133,125,0.09374023539214664,0.07877189358199038,0.0322554632690912,0.02706400441180568,0.0,0.0,0.5038125261793207
171,RetailRocket,MNS,7,0.03160270880361174,0.025576706700828403,100,0.11457139881262368,0.08676680625421292,0.0241915974518184,0.0241915974518184,0.0,0.0,0.4786840908302321
172,RetailRocket,MNS,8,0.04966139954853273,0.034117759636349713,125,0.14581814394333922,0.10616909666810727,0.0564470607209096,0.0365617268007693,0.004484103851845209,0.0017346881630175403,0.5180663285179488
173,RetailRocket,MNS,9,0.045146726862302484,0.036105754519282926,200,0.15623372565357774,0.11972554163152103,0.0241915974518184,0.0241915974518184,0.008968207703690417,0.006726155777767813,0.4999261404246309
174,RetailRocket,MNS,10,0.040632054176072234,0.03173854469604191,150,0.1249869805228622,0.10295029337354583,0.040319329086364,0.03134305948902945,0.004484103851845209,0.0012961967011250073,0.5001882663069426
175,RetailRocket,MNS,11,0.03611738148984198,0.026075229905914547,175,0.1249869805228622,0.08593164100256392,0.0322554632690912,0.02661906294382696,0.0,0.0,0.4910062224263886
176,RetailRocket,MNS,12,0.03160270880361174,0.027863079295231383,75,0.08332465368190813,0.08332465368190813,0.0322554632690912,0.02706400441180568,0.008968207703690417,0.00442642455799955,0.5418835159440708
177,RetailRocket,MNS,13,0.029345372460496615,0.024969765940507566,125,0.08332465368190813,0.06906499066317527,0.0241915974518184,0.0241915974518184,0.008968207703690417,0.006415302264801548,0.5809617630243658
178,RetailRocket,MNS,14,0.03837471783295711,0.02888579611006899,200,0.11457139881262368,0.08772438213567899,0.0322554632690912,0.02927933032474363,0.008968207703690417,0.0033319581827835694,0.532462191746377
179,RetailRocket,MNS,15,0.045146726862302484,0.0312220579460877,175,0.14581814394333922,0.10221423923873399,0.040319329086364,0.02985499301685566,0.004484103851845209,0.0014145772691167605,0.49657097848059906
180,RetailRocket,MNS,16,0.045146726862302484,0.03204179381037677,75,0.1354025622331007,0.09702509093890348,0.040319329086364,0.030784044555341783,0.008968207703690417,0.00476035295118986,0.5360192842846736
181,RetailRocket,MNS,17,0.03837471783295711,0.028654661999436212,125,0.11457139881262368,0.08334006041593513,0.0322554632690912,0.02927933032474363,0.008968207703690417,0.00476035295118986,0.5537020604568703
182,RetailRocket,MNS,18,0.03837471783295711,0.028030336280749628,175,0.10415581710238517,0.08190729609906132,0.0564470607209096,0.03671897003387797,0.0,0.0,0.5396911008546961
183,RetailRocket,MNS,19,0.033860045146726865,0.025037622220729337,100,0.09374023539214664,0.07207576898124513,0.0322554632690912,0.02706400441180568,0.008968207703690417,0.003656629195039365,0.5562818776372395
184,RetailRocket,PNS,0,0.006772009029345372,0.006772009029345372,200,0.0,0.0,0.0241915974518184,0.0241915974518184,0.0,0.0,0.33334160056414464
185,RetailRocket,PNS,1,0.009029345372460496,0.007524454477050414,125,0.0,0.0,0.0322554632690912,0.02687955272424267,0.0,0.0,0.3333407738502904
186,RetailRocket,PNS,2,0.009029345372460496,0.005614304606499955,200,0.0,0.0,0.0322554632690912,0.020055938558821707,0.0,0.0,0.33334330529290157
187,RetailRocket,PNS,3,0.045146726862302484,0.019821146738272965,175,0.1354025622331007,0.04465494225804146,0.0322554632690912,0.027311126580393044,0.013452311555535626,0.004962083277098886,0.6560192586800813
188,RetailRocket,PNS,4,0.022573363431151242,0.013478357010552819,50,0.0624934902614311,0.026914481287786254,0.0241915974518184,0.0241915974518184,0.004484103851845209,0.0017346881630175403,0.6823204046810647
189,RetailRocket,PNS,5,0.03837471783295711,0.021546785937636398,100,0.10415581710238517,0.051150387846237017,0.040319329086364,0.029738592072401603,0.008968207703690417,0.004243731807350282,0.632679457804519
190,RetailRocket,PNS,6,0.024830699774266364,0.02209228836384067,75,0.0624934902614311,0.0624934902614311,0.0322554632690912,0.02706400441180568,0.004484103851845209,0.0019311984129563387,0.5586915991710745
191,RetailRocket,PNS,7,0.029345372460496615,0.02375739115799766,75,0.08332465368190813,0.06851504689757082,0.0322554632690912,0.02927933032474363,0.004484103851845209,0.0014145772691167605,0.549098048883806
192,RetailRocket,PNS,8,0.006772009029345372,0.006772009029345372,75,0.0,0.0,0.0241915974518184,0.0241915974518184,0.0,0.0,0.33334160056414464
193,RetailRocket,PNS,9,0.024830699774266364,0.013151487919782887,175,0.04166232684095406,0.013441766762335381,0.0322554632690912,0.022271264471759655,0.013452311555535626,0.00795348017788029,0.7814085979578713
194,RetailRocket,PNS,10,0.03160270880361174,0.027800146448726252,75,0.09374023539214664,0.08853244453702738,0.0322554632690912,0.026735463888281016,0.004484103851845209,0.0022420519259226043,0.5104518683265724
195,RetailRocket,PNS,11,0.02708803611738149,0.021919455137747876,25,0.0624934902614311,0.0548053276444424,0.0483831949036368,0.03587177742826701,0.0,0.0,0.597067372329436
196,RetailRocket,PNS,12,0.01580135440180587,0.007896800964939487,150,0.02083116342047703,0.006270805034141885,0.0322554632690912,0.020927286835547523,0.004484103851845209,0.0013498497630778047,0.5428221155309486
197,RetailRocket,PNS,13,0.002257336343115124,0.002257336343115124,200,0.0,0.0,0.0080638658172728,0.0080638658172728,0.0,0.0,0.33335813441065887
198,RetailRocket,PNS,14,0.03160270880361174,0.018646626965999624,100,0.10415581710238517,0.044375124944670705,0.0322554632690912,0.0322554632690912,0.0,0.0,0.6139491878619818
199,RetailRocket,PNS,15,0.013544018058690745,0.009305639186571605,200,0.0,0.0,0.040319329086364,0.030554510332375513,0.004484103851845209,0.001494701283948403,0.36443107780331885
200,RetailRocket,PNS,16,0.013544018058690745,0.009752754568877682,50,0.0,0.0,0.040319329086364,0.029751959684229945,0.004484103851845209,0.002829154538233521,0.39122839622438765
201,RetailRocket,PNS,17,0.01580135440180587,0.008466754640418555,150,0.02083116342047703,0.013143000803488335,0.0322554632690912,0.016950729709926317,0.004484103851845209,0.0017346881630175403,0.6812932433422021
202,RetailRocket,PNS,18,0.020316027088036117,0.01269498275436829,200,0.02083116342047703,0.007420210126195649,0.0322554632690912,0.0322554632690912,0.013452311555535626,0.004087094686198417,0.5708958898030292
203,RetailRocket,PNS,19,0.01580135440180587,0.007766788606157025,175,0.02083116342047703,0.00694372114015901,0.0322554632690912,0.01728159771219609,0.004484103851845209,0.002829154538233521,0.6438720082081079
204,RetailRocket,BNS,0,0.03837471783295711,0.02876135286126555,175,0.1249869805228622,0.09117948522925902,0.0241915974518184,0.0241915974518184,0.008968207703690417,0.00442642455799955,0.5172251052523917
205,RetailRocket,BNS,1,0.03611738148984198,0.029305037344136337,125,0.10415581710238517,0.09026837482206715,0.0322554632690912,0.0282235303604548,0.008968207703690417,0.003656629195039365,0.5272884588249589
206,RetailRocket,BNS,2,0.045146726862302484,0.029767826621261383,175,0.1249869805228622,0.08518217875752133,0.040319329086364,0.030554510332375513,0.013452311555535626,0.00546944704000395,0.5615594118446168
207,RetailRocket,BNS,3,0.03837471783295711,0.0291528234730582,125,0.11457139881262368,0.08818083199339019,0.0322554632690912,0.027664515426767136,0.008968207703690417,0.004563842701251062,0.5370409801429634
208,RetailRocket,BNS,4,0.040632054176072234,0.02851186898891252,200,0.11457139881262368,0.0898961540836523,0.0322554632690912,0.023327064436048484,0.013452311555535626,0.004964077609983483,0.5209194012741405
209,RetailRocket,BNS,5,0.03611738148984198,0.030498546173736596,150,0.11457139881262368,0.09535099227015192,0.0241915974518184,0.0241915974518184,0.008968207703690417,0.006081373871611238,0.5262612712708381
210,RetailRocket,BNS,6,0.029345372460496615,0.02345417717137425,200,0.09374023539214664,0.07368748682567508,0.0241915974518184,0.0241915974518184,0.004484103851845209,0.0014145772691167605,0.5147545837240586
211,RetailRocket,BNS,7,0.03611738148984198,0.02773268289261568,175,0.10415581710238517,0.08605207277515796,0.0322554632690912,0.020350931491700912,0.008968207703690417,0.006726155777767813,0.5325360463661243
212,RetailRocket,BNS,8,0.04966139954853273,0.03630775353202925,150,0.11457139881262368,0.09480324957116927,0.0483831949036368,0.03308078882321703,0.022420519259226043,0.012913888172700113,0.6122613975328202
213,RetailRocket,BNS,9,0.04966139954853273,0.03330501125370129,175,0.11457139881262368,0.08593659312264783,0.040319329086364,0.02985499301685566,0.026904623111071252,0.012560109392690828,0.6188788836734416
214,RetailRocket,BNS,10,0.04966139954853273,0.03378040191223434,150,0.14581814394333922,0.10514420645190524,0.040319329086364,0.03182319676120624,0.013452311555535626,0.004140747748151215,0.5228093095974734
215,RetailRocket,BNS,11,0.05191873589164785,0.035632564396475365,150,0.16664930736381625,0.11211342455376239,0.0322554632690912,0.02661906294382696,0.013452311555535626,0.007713493298811152,0.5247407186343636
216,RetailRocket,BNS,12,0.040632054176072234,0.029235472080908955,175,0.08332465368190813,0.07563649106491943,0.0564470607209096,0.03523090356170419,0.013452311555535626,0.005921125841947954,0.6020431582220251
217,RetailRocket,BNS,13,0.03837471783295711,0.030223349292346224,125,0.10415581710238517,0.09374023539214664,0.040319329086364,0.029046528435835516,0.008968207703690417,0.003528468432722368,0.5238813715416784
218,RetailRocket,BNS,14,0.04740406320541761,0.032124356672861336,150,0.14581814394333922,0.10543914824799189,0.040319329086364,0.025973909971400103,0.008968207703690417,0.003976740088940145,0.5003947387251062
219,RetailRocket,BNS,15,0.03611738148984198,0.03025877058248429,175,0.10415581710238517,0.09374023539214664,0.0483831949036368,0.03551838858189292,0.0,0.0,0.516524752488406
220,RetailRocket,BNS,16,0.03160270880361174,0.026611884483787554,200,0.09374023539214664,0.07591985028973948,0.0241915974518184,0.0241915974518184,0.008968207703690417,0.006726155777767813,0.5682325452379962
221,RetailRocket,BNS,17,0.03611738148984198,0.029356671325569038,125,0.11457139881262368,0.09529005530797896,0.0241915974518184,0.0241915974518184,0.008968207703690417,0.0038393219456886334,0.5056233750384023
222,RetailRocket,BNS,18,0.03837471783295711,0.029346013119007405,175,0.11457139881262368,0.08789373502838693,0.0322554632690912,0.0282235303604548,0.008968207703690417,0.00476035295118986,0.5415022406141404
223,RetailRocket,BNS,19,0.04740406320541761,0.03133189523588814,100,0.16664930736381625,0.1055503401170641,0.0241915974518184,0.0241915974518184,0.008968207703690417,0.003345775682073099,0.48803521349805135
224,Beauty,RNS,0,0.01383327266108482,0.0068341565649959616,200,0.04306882398072119,0.021980029671668875,0.013018134604085982,0.006041322694259256,0.0011663366532059455,0.00046595996672989335,0.49652807089825535
225,Beauty,RNS,1,0.015107389879868947,0.007502499342670545,150,0.047475866434562426,0.024724999870843086,0.014902338296782636,0.006474229446444788,0.0007177456327421203,0.0003275488447113602,0.48409531428258845
226,Beauty,RNS,2,0.01524390243902439,0.007704835155250377,200,0.04527234520764181,0.02358345690514057,0.016786541989479292,0.00814070731453697,0.0009869002450204154,0.0003648905713714159,0.5176268166404356
227,Beauty,RNS,3,0.014333818711321441,0.006749737391172744,175,0.04527234520764181,0.02151351808780293,0.013532008338457796,0.006412286651279099,0.0008971820409276503,0.00031415169068439274,0.49954735834070996
228,Beauty,RNS,4,0.014652348016017473,0.007200633618198574,150,0.042467863646106475,0.021299401001308782,0.017642998213432317,0.008492816350890806,0.0006280274286493552,0.00020932645999101318,0.53136047963496
229,Beauty,RNS,5,0.014015289406625409,0.00677001658522971,175,0.040264342419185854,0.019860168109719634,0.016443959499898082,0.007605924835356973,0.0009869002450204154,0.00046942909826424423,0.5372550941613781
230,Beauty,RNS,6,0.014970877320713505,0.007310967979334418,175,0.04667458598840948,0.024038421853449614,0.014388464562410821,0.006125136922701573,0.0010766184491131803,0.0004402633257204335,0.48594814669783726
231,Beauty,RNS,7,0.013924281033855115,0.006567393755038335,200,0.04206722342303,0.02001108739125489,0.014045882072829611,0.006648786651005473,0.0012560548572987105,0.0005036612955010537,0.5212402604861947
232,Beauty,RNS,8,0.013696760101929377,0.006625360119338475,200,0.043469464203797666,0.0219298162398354,0.012504260869714167,0.005541449675081955,0.0009869002450204154,0.0003385977042489945,0.48241420340041774
233,Beauty,RNS,9,0.014606843829632326,0.007021340701102393,175,0.044471064761488856,0.022241853789795357,0.015244920786363846,0.0067449611918722445,0.0008971820409276503,0.0003492079966255096,0.5024905743556904
234,Beauty,AMNS,0,0.02325263924281034,0.011665416485025375,25,0.07652228260760695,0.03951663623769669,0.01884203692696655,0.0086835185603105,0.0017046458777625357,0.0007533889902929371,0.4721116294083789
235,Beauty,AMNS,1,0.02466326902074991,0.012237624382216183,175,0.07752388316529814,0.03953520340588091,0.021068823109244416,0.009804987724682714,0.002870982530968481,0.0012858669858376679,0.49631854705540956
236,Beauty,AMNS,2,0.02161448853294503,0.010603282695267571,200,0.06350147535762148,0.0323395000539439,0.02192527933319744,0.010049210325560758,0.002691546122782951,0.001158373487390076,0.5226483001924087
237,Beauty,AMNS,3,0.022433563887877685,0.010965414153079875,125,0.06650627703069505,0.034085215698283475,0.022781735557150466,0.010142183583634305,0.002512109714597421,0.001041810892597629,0.5133824852046853
238,Beauty,AMNS,4,0.022388059701492536,0.011037287071458091,175,0.06710723736530977,0.034454710436279866,0.02089753186445381,0.00944836953967869,0.0031401371432467763,0.0013814347718160802,0.5131071957391773
239,Beauty,AMNS,5,0.024845285766290498,0.011860806051592043,200,0.0741184412691481,0.03674205806115553,0.02261044431235986,0.010150635260692846,0.0039476009800816616,0.0016128500126628338,0.5171824583932993
240,Beauty,AMNS,6,0.02270658900618857,0.011339319796280943,100,0.07091331948453629,0.03554614683890255,0.021411405598825626,0.010408483783619882,0.0017943640818553006,0.0009852260089654819,0.5091491903721334
241,Beauty,AMNS,7,0.023480160174736076,0.011542937346860073,200,0.07191492004222748,0.036336013055962,0.021068823109244416,0.00986518714041485,0.003050418939154011,0.0013174929343765717,0.50870844386751
242,Beauty,AMNS,8,0.025300327630141974,0.012788739215939994,175,0.07712324294222167,0.04061976520918754,0.023809483025894095,0.010988371655268492,0.002870982530968481,0.0012668959816478738,0.50382825526504
243,Beauty,AMNS,9,0.022570076447033127,0.011192365275423902,200,0.06850947814607743,0.035427794629186896,0.021068823109244416,0.00962932780919126,0.002781264326875716,0.0011565934520542964,0.5056160558392032
244,Beauty,ANS,0,0.01701856570804514,0.00816658423945582,75,0.023637773161512096,0.01129905362964178,0.028776929124821642,0.014472607758921266,0.007895201960163323,0.003460667782813152,0.7488664712856616
245,Beauty,ANS,1,0.014151801965780851,0.006113347621999203,200,0.019431050819209095,0.008737824113332541,0.02021236688529139,0.00834756895459075,0.008612947592905443,0.003767664927311849,0.8411076308139808
246,Beauty,ANS,2,0.01665453221696396,0.008143459916733086,100,0.02003201115382381,0.009524572192634844,0.027064016676915593,0.013574481612595142,0.009689566042018623,0.004680235896040354,0.7865520258530418
247,Beauty,ANS,3,0.016472515471423373,0.0077000558803661445,125,0.019631370930747332,0.008991120121720984,0.025864977963381358,0.011846139026837647,0.010138157062482448,0.004950182923577643,0.8217252190602836
248,Beauty,ANS,4,0.017337095012741173,0.008370569874199133,75,0.024639373719203286,0.011599890022046576,0.027235307921706198,0.01363305735565356,0.008882102205183737,0.0041678548102472976,0.7853776028553925
249,Beauty,ANS,5,0.014515835456862032,0.007204144716432616,75,0.021834892157667953,0.010688218665682064,0.02466593924984712,0.012615843915231694,0.005921401470122492,0.0028091816615533334,0.7496404633901234
250,Beauty,ANS,6,0.016927557335274845,0.008078015016826813,100,0.021434251934591475,0.010472321868787639,0.027406599166496803,0.01295378325296295,0.009420411429740328,0.004451835800340158,0.7966885721285273
251,Beauty,ANS,7,0.017701128503822352,0.008210386200334535,125,0.02343745304997386,0.010184898925892865,0.028434346635240432,0.013627117072770135,0.009510129633833093,0.0044888784515268315,0.7847384465856704
252,Beauty,ANS,8,0.017701128503822352,0.008401954429737207,100,0.022235532380744428,0.010665677401809594,0.028263055390449827,0.013251348507410261,0.010138157062482448,0.004848073633663638,0.8052457696333168
253,Beauty,ANS,9,0.015516927557335275,0.007251099453471795,125,0.018429450261517905,0.008487153762659747,0.025008521739428333,0.012030830794033914,0.009240975021554798,0.004193975660427665,0.7885838833369394
254,Beauty,MNS,0,0.01560793593010557,0.006942605193456006,150,0.03405441896150048,0.014937788452986085,0.02363819178110349,0.01058578200023305,0.0031401371432467763,0.0014535426776952243,0.6667769018510576
255,Beauty,MNS,1,0.013787768474699673,0.005910654712799375,125,0.028645775949968047,0.012562904681635945,0.021068823109244416,0.00894914380397523,0.003319573551432306,0.001339780885685583,0.6725870745318208
256,Beauty,MNS,2,0.014288314524936294,0.006423844023514329,50,0.02644225472304743,0.01124706645021159,0.026721434187334383,0.01245189793164698,0.002332673306411891,0.0011062813891873282,0.6950784944845481
257,Beauty,MNS,3,0.014424827084091736,0.006485072385721656,150,0.026642574834585667,0.011626696936371516,0.025008521739428333,0.011776657764802781,0.0034092917555250714,0.0014106498718184407,0.7215045092910793
258,Beauty,MNS,4,0.014242810338551147,0.006326215106357363,125,0.030849297176888668,0.01415562397600849,0.021411405598825626,0.00926169904906603,0.003050418939154011,0.0012820726939413694,0.652531447390639
259,Beauty,MNS,5,0.015653440116490717,0.007155784751114739,175,0.034455059184576954,0.01601056232308233,0.023809483025894095,0.011050958175500824,0.002960700735061246,0.0011497418475213649,0.6488243533332008
260,Beauty,MNS,6,0.015107389879868947,0.00668330337894932,175,0.028645775949968047,0.01262870083215689,0.02432335676026591,0.010797833570919868,0.004216755592359956,0.0018654041983892896,0.7162951369293791
261,Beauty,MNS,7,0.014515835456862032,0.006689801065872751,150,0.030648977065350427,0.013740713630940921,0.02192527933319744,0.010847112031682529,0.0034092917555250714,0.0013543626695780302,0.6816971756203727
262,Beauty,MNS,8,0.014424827084091736,0.006710738038435925,200,0.027644175392276857,0.012631812001166174,0.02226786182277865,0.010682640601452603,0.0043961920005454866,0.001978437543752449,0.7192030899552319
263,Beauty,MNS,9,0.014970877320713505,0.0069524991597728425,100,0.027644175392276857,0.012976557549866338,0.025693686718590753,0.012013510538750704,0.0036784463678033665,0.001603625137634713,0.7148997190086005
264,Beauty,PNS,0,0.007917728431015653,0.003699646348057568,50,0.012019206692294285,0.005167769783549675,0.012504260869714167,0.00602778278316097,0.0036784463678033665,0.0018226803620141967,0.7846607118139816
265,Beauty,PNS,1,0.0070076447033127045,0.003535796459348409,100,0.0068108837923000955,0.0028442426159715796,0.011476513400970535,0.006145237158051601,0.004755064816916546,0.0024787542293796204,0.7868670963766826
266,Beauty,PNS,2,0.008008736803785948,0.004030013243281473,100,0.007211524015376571,0.0030014707696600015,0.013532008338457796,0.00715059862010899,0.005472810449658667,0.0028561729881204827,0.7799176619363744
267,Beauty,PNS,3,0.007189661448853295,0.0033274028108700184,75,0.007812484349991286,0.003083969140743192,0.011133930911389325,0.005301770149523775,0.0048447830210093116,0.00240229573011121,0.8208265740150064
268,Beauty,PNS,4,0.009510374954495814,0.004494710071167093,50,0.013822087696138428,0.006319636752529662,0.017642998213432317,0.008235521873782696,0.003319573551432306,0.0017180138546987194,0.7330007254981373
269,Beauty,PNS,5,0.0070076447033127045,0.003323229062491031,100,0.006410243569223619,0.0025882497929022572,0.01199038713534235,0.005800341346247017,0.004665346612823782,0.002354946949252102,0.7862095855226742
270,Beauty,PNS,6,0.007553694939934474,0.003636538147847059,75,0.009014405019220715,0.003719078041106767,0.013360717093667191,0.006700795069414093,0.0038578827759888964,0.001994577336814832,0.7472781670715873
271,Beauty,PNS,7,0.008236257735711686,0.003974302559983298,50,0.012219526803832525,0.0059625812161845,0.012846843359295377,0.006161089397662607,0.004037319184174427,0.0019384072405048628,0.7998118478068096
272,Beauty,PNS,8,0.007144157262468147,0.0034465660948455393,75,0.0068108837923000955,0.002854120115925297,0.012504260869714167,0.006191204151811624,0.004485910204638252,0.0022743231515230684,0.7693227800908748
273,Beauty,PNS,9,0.007917728431015653,0.003999036525673459,150,0.007411844126914809,0.0032184647357681216,0.01096263966659872,0.005978381902121137,0.006549428898771847,0.003311890552242101,0.8529107596689978
274,Beauty,BNS,0,0.013742264288314526,0.006583939204003605,50,0.03185089773457986,0.015527126039826837,0.022096570577988046,0.010056607976502123,0.0012560548572987105,0.0007595993142127325,0.626284738572406
275,Beauty,BNS,1,0.013241718238077902,0.005956461785611825,100,0.027844495503815094,0.012906746091924064,0.018670745682175947,0.008288860762547035,0.0038578827759888964,0.0016219388482427981,0.670292939695615
276,Beauty,BNS,2,0.014106297779395705,0.00698874560346667,75,0.032451858069194574,0.015522073735604752,0.01918461941654776,0.010421790256399386,0.003229855347339541,0.0013687239055182293,0.6545379386905863
277,Beauty,BNS,3,0.014015289406625409,0.006180291357495528,125,0.026241934611509192,0.01161665652368272,0.02192527933319744,0.00969632971860145,0.0043961920005454866,0.001903851466043911,0.7211024264443879
278,Beauty,BNS,4,0.013514743356388787,0.006321683500070369,75,0.029246736284582762,0.013483575777040539,0.02021236688529139,0.009935303123599045,0.002960700735061246,0.001221313500903009,0.6682354644457819
279,Beauty,BNS,5,0.014470331270476883,0.006376415588624756,75,0.030849297176888668,0.013658106222644845,0.022096570577988046,0.009724932284282953,0.0031401371432467763,0.0013612453430551206,0.6686989240651353
280,Beauty,BNS,6,0.013105205678922462,0.00614551452829466,75,0.02744385528073862,0.01274318637266724,0.019013328171757157,0.009121691056278974,0.0035887281637106013,0.0016317220122822294,0.6847395578530824
281,Beauty,BNS,7,0.013560247542773934,0.006170178606852904,100,0.022836492715359143,0.010706882475670984,0.02363819178110349,0.010641642335880417,0.004127037388267192,0.0017962451409546758,0.743339514548857
282,Beauty,BNS,8,0.011967601019293774,0.0052048662638520225,100,0.021233931823053238,0.009256520074507845,0.020726240619663206,0.009120041392908083,0.003229855347339541,0.0013395472806014901,0.732305110425601
283,Beauty,BNS,9,0.015334910811794686,0.006802788749235741,75,0.030048016730735715,0.013534484480632837,0.023466900536312885,0.010352993544696019,0.004485910204638252,0.0019283065273734855,0.7002856125202132
